"Styling for content - Index","Styling for content - Index"
"Below are links to pages that contain examples for your content. Everything can be used in CMS pages and CMS static blocks.","Below are links to pages that contain examples for your content. Everything can be used in CMS pages and CMS static blocks."
"Basic styling (titles, lists, quotes, etc)","Basic styling (titles, lists, quotes, etc)"
"Images & video (full-width image, 2 images next to eachother, etc)","Images & video (full-width image, 2 images next to eachother, etc)"
"Interaction (faq style, show more/less)","Interaction (faq style, show more/less, call to actions)"
"Layout (structure examples. 1 column, 2 column, 3 columns etc)","Layout (structure examples. 1 column, 2 column, 3 columns etc)"
"Classes for showing and hiding elements on certain screenwidths","Classes for showing and hiding elements on certain screenwidths"
"Specific content blocks","Specific content blocks"
"Back to overview","Back to overview"
"Base styling for content","Base styling for content"
"Images and video within content","Images and video within content"
"Interaction examples","Interaction examples"
"Layouts for content","Layouts for content"
"Classes for responsive","Classes for responsive"
"Pagewide layout structures","Pagewide layout structures"
"Show %1 more products","Show %1 more products"
"Show %1 less products","Show %1 less products"
"Show 1 more product","Show 1 more product"
"Show 1 less product","Show 1 less product"
